<?xml version="1.0" encoding="UTF-8"?>
<project-private xmlns="http://www.netbeans.org/ns/project-private/1">
    <editor-bookmarks xmlns="http://www.netbeans.org/ns/editor-bookmarks/2" lastBookmarkId="0"/>
    <open-files xmlns="http://www.netbeans.org/ns/projectui-open-files/2">
        <group>
            <file>file:/C:/Users/Sandoval/Documents/NetBeansProjects/projetojavafarmacia/src/com/sandoval/model/beans/Produto.java</file>
            <file>file:/C:/Users/Sandoval/Documents/NetBeansProjects/projetojavafarmacia/src/com/sandoval/model/dao/ClienteDao.java</file>
            <file>file:/C:/Users/Sandoval/Documents/NetBeansProjects/projetojavafarmacia/src/com/sandoval/login/TelaCadastrarUsuario.java</file>
            <file>file:/C:/Users/Sandoval/Documents/NetBeansProjects/projetojavafarmacia/src/com/sandoval/model/beans/Cadastro.java</file>
            <file>file:/C:/Users/Sandoval/Documents/NetBeansProjects/projetojavafarmacia/src/com/sandoval/model/dao/CadastroDao.java</file>
            <file>file:/C:/Users/Sandoval/Documents/NetBeansProjects/projetojavafarmacia/src/com/sandoval/model/dao/ProdutoDao.java</file>
            <file>file:/C:/Users/Sandoval/Documents/NetBeansProjects/projetojavafarmacia/src/com/sandoval/main/Main.java</file>
            <file>file:/C:/Users/Sandoval/Documents/NetBeansProjects/projetojavafarmacia/src/com/sandoval/form/CadastroProduto.java</file>
            <file>file:/C:/Users/Sandoval/Documents/NetBeansProjects/projetojavafarmacia/src/com/sandoval/connection/ConnectionFactory.java</file>
        </group>
    </open-files>
</project-private>
